Workbook

Sheet Summary
A1: NAME : MUHAMMED FAIZ
A2: RADIOLOGY SUMMARY: JAN 2026 - DEC 2026
A3: Sl No | B3: Month | C3: Total Referrals
A4: 1 | B4: Jan-2026 | C4: ='Jan-2026'!E55 -> 0
A5: 2 | B5: Feb-2026 | C5: ='Feb-2026'!E55 -> 0
A6: 3 | B6: Mar-2026 | C6: ='Mar-2026'!E55 -> 0
A7: 4 | B7: Apr-2026 | C7: ='Apr-2026'!E55 -> 0
A8: 5 | B8: May-2026 | C8: ='May-2026'!E55 -> 0
A9: 6 | B9: Jun-2026 | C9: ='Jun-2026'!E55 -> 0
A10: 7 | B10: Jul-2026 | C10: ='Jul-2026'!E55 -> 0
A11: 8 | B11: Aug-2026 | C11: ='Aug-2026'!E55 -> 0
A12: 9 | B12: Sep-2026 | C12: ='Sep-2026'!E55 -> 0
A13: 10 | B13: Oct-2026 | C13: ='Oct-2026'!E55 -> 0
A14: 11 | B14: Nov-2026 | C14: ='Nov-2026'!E55 -> 0
A15: 12 | B15: Dec-2026 | C15: ='Dec-2026'!E55 -> 0
A17: GRAND TOTAL 2026 | C17: =SUM(C4:C15) -> 0
A19: Each month's figures are read from the totals at the bottom of its sheet.

Sheet Jan-2026
A1: NAME : MUHAMMED FAIZ
A2: RADIOLOGY DATA OF JANUARY 2026 - OUT PATIENTS
A3: Sl No | B3: Date of Visit | C3: File No. | D3: Patient | E3: Consultation
A4: =IF(D4="","",COUNTA($D$4:D4))
A5: =IF(D5="","",COUNTA($D$4:D5))
A6: =IF(D6="","",COUNTA($D$4:D6))
A7: =IF(D7="","",COUNTA($D$4:D7))
A8: =IF(D8="","",COUNTA($D$4:D8))
A9: =IF(D9="","",COUNTA($D$4:D9))
A10: =IF(D10="","",COUNTA($D$4:D10))
A11: =IF(D11="","",COUNTA($D$4:D11))
A12: =IF(D12="","",COUNTA($D$4:D12))
A13: =IF(D13="","",COUNTA($D$4:D13))
A14: =IF(D14="","",COUNTA($D$4:D14))
A15: =IF(D15="","",COUNTA($D$4:D15))
... A53: =IF(D53="","",COUNTA($D$4:D53))
A55: TOTAL REFERRALS OF JANUARY 2026 | E55: =COUNTA(D4:D53) -> 0
A57: Fill in Date of Visit (as 01 Jan 2026), File No., Patient and Consultation. Sl No and the totals calculate themselves.

Sheet Feb-2026
A1: NAME : MUHAMMED FAIZ
A2: RADIOLOGY DATA OF FEBRUARY 2026 - OUT PATIENTS
A3: Sl No | B3: Date of Visit | C3: File No. | D3: Patient | E3: Consultation
A4: =IF(D4="","",COUNTA($D$4:D4))
A5: =IF(D5="","",COUNTA($D$4:D5))
A6: =IF(D6="","",COUNTA($D$4:D6))
A7: =IF(D7="","",COUNTA($D$4:D7))
A8: =IF(D8="","",COUNTA($D$4:D8))
A9: =IF(D9="","",COUNTA($D$4:D9))
A10: =IF(D10="","",COUNTA($D$4:D10))
A11: =IF(D11="","",COUNTA($D$4:D11))
A12: =IF(D12="","",COUNTA($D$4:D12))
A13: =IF(D13="","",COUNTA($D$4:D13))
A14: =IF(D14="","",COUNTA($D$4:D14))
A15: =IF(D15="","",COUNTA($D$4:D15))
... A53: =IF(D53="","",COUNTA($D$4:D53))
A55: TOTAL REFERRALS OF FEBRUARY 2026 | E55: =COUNTA(D4:D53) -> 0
A57: Fill in Date of Visit (as 01 Jan 2026), File No., Patient and Consultation. Sl No and the totals calculate themselves.

Sheet Mar-2026
A1: NAME : MUHAMMED FAIZ
A2: RADIOLOGY DATA OF MARCH 2026 - OUT PATIENTS
A3: Sl No | B3: Date of Visit | C3: File No. | D3: Patient | E3: Consultation
A4: =IF(D4="","",COUNTA($D$4:D4))
A5: =IF(D5="","",COUNTA($D$4:D5))
A6: =IF(D6="","",COUNTA($D$4:D6))
A7: =IF(D7="","",COUNTA($D$4:D7))
A8: =IF(D8="","",COUNTA($D$4:D8))
A9: =IF(D9="","",COUNTA($D$4:D9))
A10: =IF(D10="","",COUNTA($D$4:D10))
A11: =IF(D11="","",COUNTA($D$4:D11))
A12: =IF(D12="","",COUNTA($D$4:D12))
A13: =IF(D13="","",COUNTA($D$4:D13))
A14: =IF(D14="","",COUNTA($D$4:D14))
A15: =IF(D15="","",COUNTA($D$4:D15))
... A53: =IF(D53="","",COUNTA($D$4:D53))
A55: TOTAL REFERRALS OF MARCH 2026 | E55: =COUNTA(D4:D53) -> 0
A57: Fill in Date of Visit (as 01 Jan 2026), File No., Patient and Consultation. Sl No and the totals calculate themselves.

Sheet Apr-2026
A1: NAME : MUHAMMED FAIZ
A2: RADIOLOGY DATA OF APRIL 2026 - OUT PATIENTS
A3: Sl No | B3: Date of Visit | C3: File No. | D3: Patient | E3: Consultation
A4: =IF(D4="","",COUNTA($D$4:D4))
A5: =IF(D5="","",COUNTA($D$4:D5))
A6: =IF(D6="","",COUNTA($D$4:D6))
A7: =IF(D7="","",COUNTA($D$4:D7))
A8: =IF(D8="","",COUNTA($D$4:D8))
A9: =IF(D9="","",COUNTA($D$4:D9))
A10: =IF(D10="","",COUNTA($D$4:D10))
A11: =IF(D11="","",COUNTA($D$4:D11))
A12: =IF(D12="","",COUNTA($D$4:D12))
A13: =IF(D13="","",COUNTA($D$4:D13))
A14: =IF(D14="","",COUNTA($D$4:D14))
A15: =IF(D15="","",COUNTA($D$4:D15))
... A53: =IF(D53="","",COUNTA($D$4:D53))
A55: TOTAL REFERRALS OF APRIL 2026 | E55: =COUNTA(D4:D53) -> 0
A57: Fill in Date of Visit (as 01 Jan 2026), File No., Patient and Consultation. Sl No and the totals calculate themselves.

Sheet May-2026
A1: NAME : MUHAMMED FAIZ
A2: RADIOLOGY DATA OF MAY 2026 - OUT PATIENTS
A3: Sl No | B3: Date of Visit | C3: File No. | D3: Patient | E3: Consultation
A4: =IF(D4="","",COUNTA($D$4:D4))
A5: =IF(D5="","",COUNTA($D$4:D5))
A6: =IF(D6="","",COUNTA($D$4:D6))
A7: =IF(D7="","",COUNTA($D$4:D7))
A8: =IF(D8="","",COUNTA($D$4:D8))
A9: =IF(D9="","",COUNTA($D$4:D9))
A10: =IF(D10="","",COUNTA($D$4:D10))
A11: =IF(D11="","",COUNTA($D$4:D11))
A12: =IF(D12="","",COUNTA($D$4:D12))
A13: =IF(D13="","",COUNTA($D$4:D13))
A14: =IF(D14="","",COUNTA($D$4:D14))
A15: =IF(D15="","",COUNTA($D$4:D15))
... A53: =IF(D53="","",COUNTA($D$4:D53))
A55: TOTAL REFERRALS OF MAY 2026 | E55: =COUNTA(D4:D53) -> 0
A57: Fill in Date of Visit (as 01 Jan 2026), File No., Patient and Consultation. Sl No and the totals calculate themselves.

Sheet Jun-2026
A1: NAME : MUHAMMED FAIZ
A2: RADIOLOGY DATA OF JUNE 2026 - OUT PATIENTS
A3: Sl No | B3: Date of Visit | C3: File No. | D3: Patient | E3: Consultation
A4: =IF(D4="","",COUNTA($D$4:D4))
A5: =IF(D5="","",COUNTA($D$4:D5))
A6: =IF(D6="","",COUNTA($D$4:D6))
A7: =IF(D7="","",COUNTA($D$4:D7))
A8: =IF(D8="","",COUNTA($D$4:D8))
A9: =IF(D9="","",COUNTA($D$4:D9))
A10: =IF(D10="","",COUNTA($D$4:D10))
A11: =IF(D11="","",COUNTA($D$4:D11))
A12: =IF(D12="","",COUNTA($D$4:D12))
A13: =IF(D13="","",COUNTA($D$4:D13))
A14: =IF(D14="","",COUNTA($D$4:D14))
A15: =IF(D15="","",COUNTA($D$4:D15))
... A53: =IF(D53="","",COUNTA($D$4:D53))
A55: TOTAL REFERRALS OF JUNE 2026 | E55: =COUNTA(D4:D53) -> 0
A57: Fill in Date of Visit (as 01 Jan 2026), File No., Patient and Consultation. Sl No and the totals calculate themselves.

Sheet Jul-2026
A1: NAME : MUHAMMED FAIZ
A2: RADIOLOGY DATA OF JULY 2026 - OUT PATIENTS
A3: Sl No | B3: Date of Visit | C3: File No. | D3: Patient | E3: Consultation
A4: =IF(D4="","",COUNTA($D$4:D4))
A5: =IF(D5="","",COUNTA($D$4:D5))
A6: =IF(D6="","",COUNTA($D$4:D6))
A7: =IF(D7="","",COUNTA($D$4:D7))
A8: =IF(D8="","",COUNTA($D$4:D8))
A9: =IF(D9="","",COUNTA($D$4:D9))
A10: =IF(D10="","",COUNTA($D$4:D10))
A11: =IF(D11="","",COUNTA($D$4:D11))
A12: =IF(D12="","",COUNTA($D$4:D12))
A13: =IF(D13="","",COUNTA($D$4:D13))
A14: =IF(D14="","",COUNTA($D$4:D14))
A15: =IF(D15="","",COUNTA($D$4:D15))
... A53: =IF(D53="","",COUNTA($D$4:D53))
A55: TOTAL REFERRALS OF JULY 2026 | E55: =COUNTA(D4:D53) -> 0
A57: Fill in Date of Visit (as 01 Jan 2026), File No., Patient and Consultation. Sl No and the totals calculate themselves.

Sheet Aug-2026
A1: NAME : MUHAMMED FAIZ
A2: RADIOLOGY DATA OF AUGUST 2026 - OUT PATIENTS
A3: Sl No | B3: Date of Visit | C3: File No. | D3: Patient | E3: Consultation
A4: =IF(D4="","",COUNTA($D$4:D4))
A5: =IF(D5="","",COUNTA($D$4:D5))
A6: =IF(D6="","",COUNTA($D$4:D6))
A7: =IF(D7="","",COUNTA($D$4:D7))
A8: =IF(D8="","",COUNTA($D$4:D8))
A9: =IF(D9="","",COUNTA($D$4:D9))
A10: =IF(D10="","",COUNTA($D$4:D10))
A11: =IF(D11="","",COUNTA($D$4:D11))
A12: =IF(D12="","",COUNTA($D$4:D12))
A13: =IF(D13="","",COUNTA($D$4:D13))
A14: =IF(D14="","",COUNTA($D$4:D14))
A15: =IF(D15="","",COUNTA($D$4:D15))
... A53: =IF(D53="","",COUNTA($D$4:D53))
A55: TOTAL REFERRALS OF AUGUST 2026 | E55: =COUNTA(D4:D53) -> 0
A57: Fill in Date of Visit (as 01 Jan 2026), File No., Patient and Consultation. Sl No and the totals calculate themselves.

Sheet Sep-2026
A1: NAME : MUHAMMED FAIZ
A2: RADIOLOGY DATA OF SEPTEMBER 2026 - OUT PATIENTS
A3: Sl No | B3: Date of Visit | C3: File No. | D3: Patient | E3: Consultation
A4: =IF(D4="","",COUNTA($D$4:D4))
A5: =IF(D5="","",COUNTA($D$4:D5))
A6: =IF(D6="","",COUNTA($D$4:D6))
A7: =IF(D7="","",COUNTA($D$4:D7))
A8: =IF(D8="","",COUNTA($D$4:D8))
A9: =IF(D9="","",COUNTA($D$4:D9))
A10: =IF(D10="","",COUNTA($D$4:D10))
A11: =IF(D11="","",COUNTA($D$4:D11))
A12: =IF(D12="","",COUNTA($D$4:D12))
A13: =IF(D13="","",COUNTA($D$4:D13))
A14: =IF(D14="","",COUNTA($D$4:D14))
A15: =IF(D15="","",COUNTA($D$4:D15))
... A53: =IF(D53="","",COUNTA($D$4:D53))
A55: TOTAL REFERRALS OF SEPTEMBER 2026 | E55: =COUNTA(D4:D53) -> 0
A57: Fill in Date of Visit (as 01 Jan 2026), File No., Patient and Consultation. Sl No and the totals calculate themselves.

Sheet Oct-2026
A1: NAME : MUHAMMED FAIZ
A2: RADIOLOGY DATA OF OCTOBER 2026 - OUT PATIENTS
A3: Sl No | B3: Date of Visit | C3: File No. | D3: Patient | E3: Consultation
A4: =IF(D4="","",COUNTA($D$4:D4))
A5: =IF(D5="","",COUNTA($D$4:D5))
A6: =IF(D6="","",COUNTA($D$4:D6))
A7: =IF(D7="","",COUNTA($D$4:D7))
A8: =IF(D8="","",COUNTA($D$4:D8))
A9: =IF(D9="","",COUNTA($D$4:D9))
A10: =IF(D10="","",COUNTA($D$4:D10))
A11: =IF(D11="","",COUNTA($D$4:D11))
A12: =IF(D12="","",COUNTA($D$4:D12))
A13: =IF(D13="","",COUNTA($D$4:D13))
A14: =IF(D14="","",COUNTA($D$4:D14))
A15: =IF(D15="","",COUNTA($D$4:D15))
... A53: =IF(D53="","",COUNTA($D$4:D53))
A55: TOTAL REFERRALS OF OCTOBER 2026 | E55: =COUNTA(D4:D53) -> 0
A57: Fill in Date of Visit (as 01 Jan 2026), File No., Patient and Consultation. Sl No and the totals calculate themselves.

Sheet Nov-2026
A1: NAME : MUHAMMED FAIZ
A2: RADIOLOGY DATA OF NOVEMBER 2026 - OUT PATIENTS
A3: Sl No | B3: Date of Visit | C3: File No. | D3: Patient | E3: Consultation
A4: =IF(D4="","",COUNTA($D$4:D4))
A5: =IF(D5="","",COUNTA($D$4:D5))
A6: =IF(D6="","",COUNTA($D$4:D6))
A7: =IF(D7="","",COUNTA($D$4:D7))
A8: =IF(D8="","",COUNTA($D$4:D8))
A9: =IF(D9="","",COUNTA($D$4:D9))
A10: =IF(D10="","",COUNTA($D$4:D10))
A11: =IF(D11="","",COUNTA($D$4:D11))
A12: =IF(D12="","",COUNTA($D$4:D12))
A13: =IF(D13="","",COUNTA($D$4:D13))
A14: =IF(D14="","",COUNTA($D$4:D14))
A15: =IF(D15="","",COUNTA($D$4:D15))
... A53: =IF(D53="","",COUNTA($D$4:D53))
A55: TOTAL REFERRALS OF NOVEMBER 2026 | E55: =COUNTA(D4:D53) -> 0
A57: Fill in Date of Visit (as 01 Jan 2026), File No., Patient and Consultation. Sl No and the totals calculate themselves.

Sheet Dec-2026
A1: NAME : MUHAMMED FAIZ
A2: RADIOLOGY DATA OF DECEMBER 2026 - OUT PATIENTS
A3: Sl No | B3: Date of Visit | C3: File No. | D3: Patient | E3: Consultation
A4: =IF(D4="","",COUNTA($D$4:D4))
A5: =IF(D5="","",COUNTA($D$4:D5))
A6: =IF(D6="","",COUNTA($D$4:D6))
A7: =IF(D7="","",COUNTA($D$4:D7))
A8: =IF(D8="","",COUNTA($D$4:D8))
A9: =IF(D9="","",COUNTA($D$4:D9))
A10: =IF(D10="","",COUNTA($D$4:D10))
A11: =IF(D11="","",COUNTA($D$4:D11))
A12: =IF(D12="","",COUNTA($D$4:D12))
A13: =IF(D13="","",COUNTA($D$4:D13))
A14: =IF(D14="","",COUNTA($D$4:D14))
A15: =IF(D15="","",COUNTA($D$4:D15))
... A53: =IF(D53="","",COUNTA($D$4:D53))
A55: TOTAL REFERRALS OF DECEMBER 2026 | E55: =COUNTA(D4:D53) -> 0
A57: Fill in Date of Visit (as 01 Jan 2026), File No., Patient and Consultation. Sl No and the totals calculate themselves.
